Workbook
Name produtos: #REF!

Sheet Menu
E26: Empresa: | G26: Empresa ABCDE

Sheet CF01
G3: =IF(H10>=6750,"ATENÇÃO: Você atingiu o limite de faturamento mensal de R$ 6.750,00",IF(H10>=6000,"O limite de faturamento mensal de R$ 6.750,00 está quase sendo atingido.","")) -> O limite de faturamento mensal de R$ 6.750,00 está quase sendo atingido.
B10: Empresa: | C10: =Menu!G26 -> Empresa ABCDE | H10: =SUMIF(JAN[Status Nota Fiscal],"Ativa",JAN[Valor da Parcela a Receber]) -> 6250
B12: Data da Venda | C12: Cliente | D12: CNPJ | E12: Descrição da Venda (Produto ou Serviço) | F12: Valor da Parcela a Receber | G12: Nota Fiscal | H12: Status Nota Fiscal | I12: Se Cancelada, Nº Nota Fiscal Substituta | J12: Data Prevista de Recebimento | K12: Nº Parcela deste Mês | L12: Nº Total de Parcelas | M12: Data Recebimento
B13: 43471 | C13: Empresa ABC | D13: 11.111.111/0001-11 | E13: Produto A | F13: 250 | G13: 123 | H13: Ativa | J13: 43840 | K13: 1 | L13: 1 | M13: 43840
B14: 43472 | C14: Empresa 123 | D14: 11.111.111/0001-12 | E14: Produto B | F14: 500 | G14: 456 | H14: Ativa | J14: 43837 | K14: 1 | L14: 1
B15: 43473 | C15: Empresa XYZ | D15: 11.111.111/0001-13 | E15: Produto C | F15: 5500 | G15: 789 | H15: Ativa | J15: 43838 | K15: 1 | L15: 1 | M15: 43838

Sheet CF02
J3: =IF(H10>=6750,"ATENÇÃO: Você atingiu o limite de faturamento mensal de R$ 6.750,00",IF(H10>=6000,"O limite de faturamento mensal de R$ 6.750,00 está quase sendo atingido.",""))
B10: Empresa: | C10: =Menu!G26 -> Empresa ABCDE | H10: =SUMIF(FEV[Status Nota Fiscal],"Ativa",FEV[Valor da Parcela a Receber]) -> 2000
B12: Data da Venda | C12: Cliente | D12: CNPJ | E12: Descrição da Venda (Produto ou Serviço) | F12: Valor da Parcela a Receber | G12: Nota Fiscal | H12: Status Nota Fiscal | I12: Se Cancelada, Nº Nota Fiscal Substituta | J12: Data Prevista de Recebimento | K12: Nº Parcela deste Mês | L12: Nº Total de Parcelas | M12: Data Recebimento
F13: 2000 | H13: Ativa

Sheet CF03
J3: =IF(H10>=6750,"ATENÇÃO: Você atingiu o limite de faturamento mensal de R$ 6.750,00",IF(H10>=6000,"O limite de faturamento mensal de R$ 6.750,00 está quase sendo atingido.",""))
B10: Empresa: | C10: =Menu!G26 -> Empresa ABCDE | H10: =SUMIF(MAR[Status Nota Fiscal],"Ativa",MAR[Valor da Parcela a Receber]) -> 0
B12: Data da Venda | C12: Cliente | D12: CNPJ | E12: Descrição da Venda (Produto ou Serviço) | F12: Valor da Parcela a Receber | G12: Nota Fiscal | H12: Status Nota Fiscal | I12: Se Cancelada, Nº Nota Fiscal Substituta | J12: Data Prevista de Recebimento | K12: Nº Parcela deste Mês | L12: Nº Total de Parcelas | M12: Data Recebimento
B13: 43547 | C13: Empresa XYZ | E13: NKADHSK | F13: 8000 | G13: 789

Sheet CF04
J3: =IF(H10>=6750,"ATENÇÃO: Você atingiu o limite de faturamento mensal de R$ 6.750,00",IF(H10>=6000,"O limite de faturamento mensal de R$ 6.750,00 está quase sendo atingido.",""))
B10: Empresa: | C10: =Menu!G26 -> Empresa ABCDE | H10: =SUMIF(ABR[Status Nota Fiscal],"Ativa",ABR[Valor da Parcela a Receber]) -> 0
B12: Data da Venda | C12: Cliente | D12: CNPJ | E12: Descrição da Venda (Produto ou Serviço) | F12: Valor da Parcela a Receber | G12: Nota Fiscal | H12: Status Nota Fiscal | I12: Se Cancelada, Nº Nota Fiscal Substituta | J12: Data Prevista de Recebimento | K12: Nº Parcela deste Mês | L12: Nº Total de Parcelas | M12: Data Recebimento

Sheet CF05
J3: =IF(H10>=6750,"ATENÇÃO: Você atingiu o limite de faturamento mensal de R$ 6.750,00",IF(H10>=6000,"O limite de faturamento mensal de R$ 6.750,00 está quase sendo atingido.",""))
B10: Empresa: | C10: =Menu!G26 -> Empresa ABCDE | H10: =SUMIF(MAI[Status Nota Fiscal],"Ativa",MAI[Valor da Parcela a Receber]) -> 0
B12: Data da Venda | C12: Cliente | D12: CNPJ | E12: Descrição da Venda (Produto ou Serviço) | F12: Valor da Parcela a Receber | G12: Nota Fiscal | H12: Status Nota Fiscal | I12: Se Cancelada, Nº Nota Fiscal Substituta | J12: Data Prevista de Recebimento | K12: Nº Parcela deste Mês | L12: Nº Total de Parcelas | M12: Data Recebimento

Sheet CF06
J3: =IF(H10>=6750,"ATENÇÃO: Você atingiu o limite de faturamento mensal de R$ 6.750,00",IF(H10>=6000,"O limite de faturamento mensal de R$ 6.750,00 está quase sendo atingido.",""))
B10: Empresa: | C10: =Menu!G26 -> Empresa ABCDE | H10: =SUMIF(JUN[Status Nota Fiscal],"Ativa",JUN[Valor da Parcela a Receber]) -> 0
B12: Data da Venda | C12: Cliente | D12: CNPJ | E12: Descrição da Venda (Produto ou Serviço) | F12: Valor da Parcela a Receber | G12: Nota Fiscal | H12: Status Nota Fiscal | I12: Se Cancelada, Nº Nota Fiscal Substituta | J12: Data Prevista de Recebimento | K12: Nº Parcela deste Mês | L12: Nº Total de Parcelas | M12: Data Recebimento

Sheet CF07
J3: =IF(H10>=6750,"ATENÇÃO: Você atingiu o limite de faturamento mensal de R$ 6.750,00",IF(H10>=6000,"O limite de faturamento mensal de R$ 6.750,00 está quase sendo atingido.",""))
B10: Empresa: | C10: =Menu!G26 -> Empresa ABCDE | H10: =SUMIF(JUL[Status Nota Fiscal],"Ativa",JUL[Valor da Parcela a Receber]) -> 0
B12: Data da Venda | C12: Cliente | D12: CNPJ | E12: Descrição da Venda (Produto ou Serviço) | F12: Valor da Parcela a Receber | G12: Nota Fiscal | H12: Status Nota Fiscal | I12: Se Cancelada, Nº Nota Fiscal Substituta | J12: Data Prevista de Recebimento | K12: Nº Parcela deste Mês | L12: Nº Total de Parcelas | M12: Data Recebimento

Sheet CF08
J3: =IF(H10>=6750,"ATENÇÃO: Você atingiu o limite de faturamento mensal de R$ 6.750,00",IF(H10>=6000,"O limite de faturamento mensal de R$ 6.750,00 está quase sendo atingido.",""))
B10: Empresa: | C10: =Menu!G26 -> Empresa ABCDE | H10: =SUMIF(AGO[Status Nota Fiscal],"Ativa",AGO[Valor da Parcela a Receber]) -> 0
B12: Data da Venda | C12: Cliente | D12: CNPJ | E12: Descrição da Venda (Produto ou Serviço) | F12: Valor da Parcela a Receber | G12: Nota Fiscal | H12: Status Nota Fiscal | I12: Se Cancelada, Nº Nota Fiscal Substituta | J12: Data Prevista de Recebimento | K12: Nº Parcela deste Mês | L12: Nº Total de Parcelas | M12: Data Recebimento

Sheet CF09
J3: =IF(H10>=6750,"ATENÇÃO: Você atingiu o limite de faturamento mensal de R$ 6.750,00",IF(H10>=6000,"O limite de faturamento mensal de R$ 6.750,00 está quase sendo atingido.",""))
B10: Empresa: | C10: =Menu!G26 -> Empresa ABCDE | H10: =SUMIF(SET[Status Nota Fiscal],"Ativa",SET[Valor da Parcela a Receber]) -> 0
B12: Data da Venda | C12: Cliente | D12: CNPJ | E12: Descrição da Venda (Produto ou Serviço) | F12: Valor da Parcela a Receber | G12: Nota Fiscal | H12: Status Nota Fiscal | I12: Se Cancelada, Nº Nota Fiscal Substituta | J12: Data Prevista de Recebimento | K12: Nº Parcela deste Mês | L12: Nº Total de Parcelas | M12: Data Recebimento

Sheet CF10
J3: =IF(H10>=6750,"ATENÇÃO: Você atingiu o limite de faturamento mensal de R$ 6.750,00",IF(H10>=6000,"O limite de faturamento mensal de R$ 6.750,00 está quase sendo atingido.",""))
B10: Empresa: | C10: =Menu!G26 -> Empresa ABCDE | H10: =SUMIF(OUT[Status Nota Fiscal],"Ativa",OUT[Valor da Parcela a Receber]) -> 0
B12: Data da Venda | C12: Cliente | D12: CNPJ | E12: Descrição da Venda (Produto ou Serviço) | F12: Valor da Parcela a Receber | G12: Nota Fiscal | H12: Status Nota Fiscal | I12: Se Cancelada, Nº Nota Fiscal Substituta | J12: Data Prevista de Recebimento | K12: Nº Parcela deste Mês | L12: Nº Total de Parcelas | M12: Data Recebimento

Sheet CF11
J3: =IF(H10>=6750,"ATENÇÃO: Você atingiu o limite de faturamento mensal de R$ 6.750,00",IF(H10>=6000,"O limite de faturamento mensal de R$ 6.750,00 está quase sendo atingido.",""))
B10: Empresa: | C10: =Menu!G26 -> Empresa ABCDE | H10: =SUMIF(NOV[Status Nota Fiscal],"Ativa",NOV[Valor da Parcela a Receber]) -> 0
B12: Data da Venda | C12: Cliente | D12: CNPJ | E12: Descrição da Venda (Produto ou Serviço) | F12: Valor da Parcela a Receber | G12: Nota Fiscal | H12: Status Nota Fiscal | I12: Se Cancelada, Nº Nota Fiscal Substituta | J12: Data Prevista de Recebimento | K12: Nº Parcela deste Mês | L12: Nº Total de Parcelas | M12: Data Recebimento

Sheet CF12
J3: =IF(H10>=6750,"ATENÇÃO: Você atingiu o limite de faturamento mensal de R$ 6.750,00",IF(H10>=6000,"O limite de faturamento mensal de R$ 6.750,00 está quase sendo atingido.",""))
B10: Empresa: | C10: =Menu!G26 -> Empresa ABCDE | H10: =SUMIF(DEZ[Status Nota Fiscal],"Ativa",DEZ[Valor da Parcela a Receber]) -> 0
B12: Data da Venda | C12: Cliente | D12: CNPJ | E12: Descrição da Venda (Produto ou Serviço) | F12: Valor da Parcela a Receber | G12: Nota Fiscal | H12: Status Nota Fiscal | I12: Se Cancelada, Nº Nota Fiscal Substituta | J12: Data Prevista de Recebimento | K12: Nº Parcela deste Mês | L12: Nº Total de Parcelas | M12: Data Recebimento

Sheet Dash
B11: Empresa: | D11: =Menu!G26 -> Empresa ABCDE
B14: Mês | D14: Total de Faturamento no Mês | E14: % Mês Anterior
B15: Janeiro | D15: ='CF01'!H10 -> 6250 | E15: 0 | F15: 6750
B16: Fevereiro | D16: ='CF02'!H10 -> 2000 | E16: =IFERROR(IF(D16=0,0,D16/D15-1),0) -> -0.68 | F16: 6750
B17: Março | D17: ='CF03'!H10 -> 0 | E17: =IFERROR(IF(D17=0,0,D17/D16-1),0) -> 0 | F17: 6750
B18: Abril | D18: ='CF04'!H10 -> 0 | E18: =IFERROR(IF(D18=0,0,D18/D17-1),0) -> 0 | F18: 6750
B19: Maio | D19: ='CF05'!H10 -> 0 | E19: =IFERROR(IF(D19=0,0,D19/D18-1),0) -> 0 | F19: 6750
B20: Junho | D20: ='CF06'!H10 -> 0 | E20: =IFERROR(IF(D20=0,0,D20/D19-1),0) -> 0 | F20: 6750
B21: Julho | D21: ='CF07'!H10 -> 0 | E21: =IFERROR(IF(D21=0,0,D21/D20-1),0) -> 0 | F21: 6750
B22: Agosto | D22: ='CF08'!H10 -> 0 | E22: =IFERROR(IF(D22=0,0,D22/D21-1),0) -> 0 | F22: 6750
B23: Setembro | D23: ='CF09'!H10 -> 0 | E23: =IFERROR(IF(D23=0,0,D23/D22-1),0) -> 0 | F23: 6750
B24: Outubro | D24: ='CF10'!H10 -> 0 | E24: =IFERROR(IF(D24=0,0,D24/D23-1),0) -> 0 | F24: 6750
B25: Novembro | D25: ='CF11'!H10 -> 0 | E25: =IFERROR(IF(D25=0,0,D25/D24-1),0) -> 0 | F25: 6750
B26: Dezembro | D26: ='CF12'!H10 -> 0 | E26: =IFERROR(IF(D26=0,0,D26/D25-1),0) -> 0 | F26: 6750
B27: Total no Ano: | D27: =SUM(D15:D26) -> 8250 | E27: =IF(D27>=81000,"ATENÇÃO: Você atingiu o limite de faturamento anual de R$ 81.000,00","")
B29: Média Faturamento: | D29: =IFERROR(D27/COUNTIF(D15:D26,">0"),0) -> 4125
G30: =INDEX(B15:D26,MATCH(I30,D15:D26,0),1) -> Janeiro | I30: =LARGE(D15:D26,1) -> 6250 | M30: =INDEX(B15:D26,MATCH(O30,D15:D26,0),1) -> Fevereiro | O30: =SMALL(D40:D51,1) -> 2000
B40: Janeiro | D40: =IF(D15>0,D15,"") -> 6250
B41: Fevereiro | D41: =IF(D16>0,D16,"") -> 2000
B42: Março | D42: =IF(D17>0,D17,"")
B43: Abril | D43: =IF(D18>0,D18,"")
B44: Maio | D44: =IF(D19>0,D19,"")
B45: Junho | D45: =IF(D20>0,D20,"")
B46: Julho | D46: =IF(D21>0,D21,"")
B47: Agosto | D47: =IF(D22>0,D22,"")
B48: Setembro | D48: =IF(D23>0,D23,"")
B49: Outubro | D49: =IF(D24>0,D24,"")
B50: Novembro | D50: =IF(D25>0,D25,"")
B51: Dezembro | D51: =IF(D26>0,D26,"")

Sheet Instruções
